{
"lengthUnit": "mil",
"components": {
	"fields": ["COMPONENT_NO", "COMPONENT_NAME", "LAYER", "X_COORDINATE", "Y_COORDINATE", "ANGLE"],
	"rows": [
		[1, "C2", "T", 105, 1465, 270],
		[2, "C4", "T", -80, 1345, 180],
		[3, "C5", "T", -305, 1800, 270],
		[4, "C7", "T", -514, 1400, 270],
		[5, "C8", "T", -295, 1310, 90],
		[6, "C9", "T", -405, 1345, 90],
		[7, "C10", "T", -425, 1735, 270],
		[8, "C11", "T", -335, 1300, 90],
		[9, "C12", "T", 190, 1475, 180],
		[10, "C13", "T", 270, 1520, 270],
		[11, "C14", "T", 180, 1410, 180],
		[12, "C15", "T", -561, 1402, 270],
		[13, "C16", "T", -100, 1395, 180],
		[14, "C17", "T", 190, 1520, 180],
		[15, "C18", "T", 195, 1670, 90],
		[16, "C19", "T", 220, 1765, 270],
		[17, "C22", "T", 290, 1295, 270],
		[18, "C23", "T", 265, 1400, 90],
		[19, "C26", "T", 195, 1570, 180],
		[20, "C33", "T", -565, 1565, 0],
		[21, "C34", "T", 110, 1615, 270],
		[22, "C35", "T", -650, 1570, 0],
		[23, "C38", "T", 255, 1210, 180],
		[24, "C39", "T", -465, 1825, 0],
		[25, "L1", "T", 50, 1350, 270],
		[26, "Q1", "T", -585, 1825, 270],
		[27, "Q2", "T", 285, 1645, 180],
		[28, "R6", "T", -430, 1280, 180],
		[29, "R7", "T", -365, 1340, 270],
		[30, "R8", "T", -455, 1365, 90],
		[31, "R10", "T", -555, 1625, 0],
		[32, "R13", "T", -490, 1770, 180],
		[33, "R16", "T", -125, 1280, 270],
		[34, "R17", "T", -45, 1300, 0],
		[35, "R18", "T", -480, 1540, 270],
		[36, "R20", "T", -570, 1520, 180],
		[37, "R21", "T", -560, 1475, 180],
		[38, "R22", "T", -375, 1820, 180],
		[39, "R27", "T", 240, 1295, 90],
		[40, "R28", "T", 265, 1755, 270],
		[41, "R29", "T", 180, 1365, 180],
		[42, "U1", "T", -287.81, 1546.08, 180],
		[43, "U2", "T", -185, 1280, 180],
		[44, "U3", "T", -560, 1285, 90],
		[45, "U4", "T", 50, 1740, 270],
		[46, "U5", "T", 540, 1385, 90],
		[47, "U10", "T", -630, 1675, 90],
		[48, "U11", "T", -480, 1625, 270],
		[49, "U18", "T", 150, 1265, 270],
		[50, "X1", "T", 15, 1575, 0],
		[51, "X2", "T", -210, 1785, 0],
		[52, "PAD1", "T", -494.63, 1225, 0],
		[53, "PAD1", "B", -494.63, 1225, 0],
		[54, "PAD2", "T", 0, 1230, 0],
		[55, "PAD2", "B", 0, 1230, 0],
		[56, "PAD3", "T", -655, 1410, 0],
		[57, "PAD3", "B", -655, 1410, 0],
		[58, "PAD4", "T", -35, 1490, 0],
		[59, "PAD4", "B", -35, 1490, 0],
		[60, "PAD5", "T", 20, 1480, 0],
		[61, "PAD5", "B", 20, 1480, 0],
		[62, "PAD6", "T", -655, 1330, 0],
		[63, "PAD6", "B", -655, 1330, 0],
		[64, "PAD7", "T", -294.63, 1225, 0],
		[65, "PAD7", "B", -294.63, 1225, 0],
		[66, "PAD8", "T", -394.63, 1225, 0],
		[67, "PAD8", "B", -394.63, 1225, 0],
		[68, "PAD9", "T", -80, 1230, 0],
		[69, "PAD9", "B", -80, 1230, 0],
		[70, "PAD10", "T", 70, 1860, 0],
		[71, "PAD10", "B", 70, 1860, 0],
		[72, "PAD11", "T", 170, 1860, 0],
		[73, "PAD11", "B", 170, 1860, 0],
		[74, "PAD12", "T", -30, 1860, 0],
		[75, "PAD12", "B", -30, 1860, 0],
		[76, "PAD13", "T", 270, 1860, 0],
		[77, "PAD13", "B", 270, 1860, 0],
		[78, "PAD14", "T", -655, 1500, 0],
		[79, "PAD14", "B", -655, 1500, 0],
		[80, "PAD15", "T", 805, 1250, 0],
		[81, "PAD15", "B", 805, 1250, 0],
		[82, "PAD16", "T", 805, 1335, 0],
		[83, "PAD16", "B", 805, 1335, 0]
	]
},
"pins": {
	"fields": ["PIN_NO", "PIN_NAME", "PIN_X", "PIN_Y", "LAYER", "PIN_TYPE", "NET_NAME", "NET_TYPE", "PAD_SHAPE", "PAD_SIZEX", "PAD_SIZEY", "HOLE_SIZE", "PAD_ANGLE"],
	"rows": [
		[1, "C2_1", 105, 1492.56, "T", "SMD", "GND", "GND", "R", 31.5, 35.43, 0, 270],
		[2, "C2_2", 105, 1437.44, "T", "SMD", "3V3", "", "R", 31.5, 35.43, 0, 270],
		[3, "C4_1", -58.54, 1345, "T", "SMD", "GND", "GND", "R", 31.11, 21.26, 0, 180],
		[4, "C4_2", -101.46, 1345, "T", "SMD", "3V3", "", "R", 31.11, 21.26, 0, 180],
		[5, "C5_1", -305, 1821.46, "T", "SMD", "GND", "GND", "R", 31.11, 21.26, 0, 270],
		[6, "C5_2", -305, 1778.54, "T", "SMD", "XIN", "", "R", 31.11, 21.26, 0, 270],
		[7, "C7_1", -514, 1421.46, "T", "SMD", "GND", "GND", "R", 31.11, 21.26, 0, 270],
		[8, "C7_2", -514, 1378.54, "T", "SMD", "3V3", "", "R", 31.11, 21.26, 0, 270],
		[9, "C8_1", -295, 1288.54, "T", "SMD", "GND", "GND", "R", 31.11, 21.26, 0, 90],
		[10, "C8_2", -295, 1331.46, "T", "SMD", "1V1", "", "R", 31.11, 21.26, 0, 90],
		[11, "C9_1", -405, 1323.54, "T", "SMD", "GND", "GND", "R", 31.11, 21.26, 0, 90],
		[12, "C9_2", -405, 1366.46, "T", "SMD", "ADC_AVDD", "", "R", 31.11, 21.26, 0, 90],
		[13, "C10_1", -425, 1756.46, "T", "SMD", "GND", "GND", "R", 31.11, 21.26, 0, 270],
		[14, "C10_2", -425, 1713.54, "T", "SMD", "1V1", "", "R", 31.11, 21.26, 0, 270],
		[15, "C11_1", -335, 1278.54, "T", "SMD", "GND", "GND", "R", 31.11, 21.26, 0, 90],
		[16, "C11_2", -335, 1321.46, "T", "SMD", "1V1", "", "R", 31.11, 21.26, 0, 90],
		[17, "C12_1", 211.46, 1475, "T", "SMD", "GND", "GND", "R", 31.11, 21.26, 0, 180],
		[18, "C12_2", 168.54, 1475, "T", "SMD", "3V3", "", "R", 31.11, 21.26, 0, 180],
		[19, "C13_1", 270, 1541.46, "T", "SMD", "GND", "GND", "R", 31.11, 21.26, 0, 270],
		[20, "C13_2", 270, 1498.54, "T", "SMD", "3V3", "", "R", 31.11, 21.26, 0, 270],
		[21, "C14_1", 201.46, 1410, "T", "SMD", "GND", "GND", "R", 31.11, 21.26, 0, 180],
		[22, "C14_2", 158.54, 1410, "T", "SMD", "3V3", "", "R", 31.11, 21.26, 0, 180],
		[23, "C15_1", -561, 1423.46, "T", "SMD", "GND", "GND", "R", 31.11, 21.26, 0, 270],
		[24, "C15_2", -561, 1380.54, "T", "SMD", "3V3", "", "R", 31.11, 21.26, 0, 270],
		[25, "C16_1", -78.54, 1395, "T", "SMD", "GND", "GND", "R", 31.11, 21.26, 0, 180],
		[26, "C16_2", -121.46, 1395, "T", "SMD", "3V3", "", "R", 31.11, 21.26, 0, 180],
		[27, "C17_1", 211.46, 1520, "T", "SMD", "GND", "GND", "R", 31.11, 21.26, 0, 180],
		[28, "C17_2", 168.54, 1520, "T", "SMD", "3V3", "", "R", 31.11, 21.26, 0, 180],
		[29, "C18_1", 195, 1648.54, "T", "SMD", "GND", "GND", "R", 31.11, 21.26, 0, 90],
		[30, "C18_2", 195, 1691.46, "T", "SMD", "VFO_3V3", "", "R", 31.11, 21.26, 0, 90],
		[31, "C19_1", 220, 1786.46, "T", "SMD", "GND", "GND", "R", 31.11, 21.26, 0, 270],
		[32, "C19_2", 220, 1743.54, "T", "SMD", "VFO_3V3", "", "R", 31.11, 21.26, 0, 270],
		[33, "C22_1", 290, 1316.46, "T", "SMD", "GND", "GND", "R", 31.11, 21.26, 0, 270],
		[34, "C22_2", 290, 1273.54, "T", "SMD", "GPS_3V3", "", "R", 31.11, 21.26, 0, 270],
		[35, "C23_1", 265, 1378.54, "T", "SMD", "GND", "GND", "R", 31.11, 21.26, 0, 90],
		[36, "C23_2", 265, 1421.46, "T", "SMD", "3V3", "", "R", 31.11, 21.26, 0, 90],
		[37, "C26_1", 216.46, 1570, "T", "SMD", "GND", "GND", "R", 31.11, 21.26, 0, 180],
		[38, "C26_2", 173.54, 1570, "T", "SMD", "3V3", "", "R", 31.11, 21.26, 0, 180],
		[39, "C33_1", -586.46, 1565, "T", "SMD", "GND", "GND", "R", 31.11, 21.26, 0, 0],
		[40, "C33_2", -543.54, 1565, "T", "SMD", "BATT_V", "", "R", 31.11, 21.26, 0, 0],
		[41, "C34_1", 110, 1636.46, "T", "SMD", "$1N173176", "", "R", 31.11, 21.26, 0, 270],
		[42, "C34_2", 110, 1593.54, "T", "SMD", "$1N173179", "", "R", 31.11, 21.26, 0, 270],
		[43, "C35_1", -671.46, 1570, "T", "SMD", "GND", "GND", "R", 31.11, 21.26, 0, 0],
		[44, "C35_2", -628.54, 1570, "T", "SMD", "$1N115739", "", "R", 31.11, 21.26, 0, 0],
		[45, "C38_1", 282.56, 1210, "T", "SMD", "GND", "GND", "R", 31.5, 35.43, 0, 180],
		[46, "C38_2", 227.44, 1210, "T", "SMD", "VBUS", "", "R", 31.5, 35.43, 0, 180],
		[47, "C39_1", -486.46, 1825, "T", "SMD", "GND", "GND", "R", 31.11, 21.26, 0, 0],
		[48, "C39_2", -443.54, 1825, "T", "SMD", "$1N70752", "", "R", 31.11, 21.26, 0, 0],
		[49, "L1_1", 50, 1393.31, "T", "SMD", "$1N152319", "", "R", 70.87, 31.5, 0, 0],
		[50, "L1_2", 50, 1306.69, "T", "SMD", "VBUS", "", "R", 70.87, 31.5, 0, 0],
		[51, "Q1_1", -622.4, 1779.72, "T", "SMD", "VFO_VDD_ON_N", "", "R", 39.37, 31.5, 0, 90],
		[52, "Q1_2", -547.6, 1779.72, "T", "SMD", "3V3", "", "R", 39.37, 31.5, 0, 90],
		[53, "Q1_3", -585, 1870.28, "T", "SMD", "VFO_3V3", "", "R", 39.37, 31.5, 0, 90],
		[54, "Q2_1", 239.72, 1682.4, "T", "SMD", "GPS_VCC_ON_N", "", "R", 39.37, 31.5, 0, 0],
		[55, "Q2_2", 239.72, 1607.6, "T", "SMD", "3V3", "", "R", 39.37, 31.5, 0, 0],
		[56, "Q2_3", 330.28, 1645, "T", "SMD", "GPS_3V3", "", "R", 39.37, 31.5, 0, 0],
		[57, "R6_1", -412.96, 1280, "T", "SMD", "$1N22362", "", "R", 22.27, 21.26, 0, 180],
		[58, "R6_2", -447.04, 1280, "T", "SMD", "USB_DP", "", "R", 22.27, 21.26, 0, 180],
		[59, "R7_1", -365, 1357.04, "T", "SMD", "$1N22007", "", "R", 22.27, 21.26, 0, 270],
		[60, "R7_2", -365, 1322.96, "T", "SMD", "USB_DM", "", "R", 22.27, 21.26, 0, 270],
		[61, "R8_1", -455, 1347.96, "T", "SMD", "ADC_AVDD", "", "R", 22.27, 21.26, 0, 90],
		[62, "R8_2", -455, 1382.04, "T", "SMD", "3V3", "", "R", 22.27, 21.26, 0, 90],
		[63, "R10_1", -572.04, 1625, "T", "SMD", "$1N115739", "", "R", 22.27, 21.26, 0, 0],
		[64, "R10_2", -537.96, 1625, "T", "SMD", "3V3", "", "R", 22.27, 21.26, 0, 0],
		[65, "R13_1", -472.96, 1770, "T", "SMD", "VFO_VDD_ON_N", "", "R", 22.27, 21.26, 0, 180],
		[66, "R13_2", -507.04, 1770, "T", "SMD", "3V3", "", "R", 22.27, 21.26, 0, 180],
		[67, "R16_1", -125, 1297.04, "T", "SMD", "QSPI_SS", "", "R", 22.27, 21.26, 0, 270],
		[68, "R16_2", -125, 1262.96, "T", "SMD", "3V3", "", "R", 22.27, 21.26, 0, 270],
		[69, "R17_1", -62.04, 1300, "T", "SMD", "QSPI_SS", "", "R", 22.27, 21.26, 0, 0],
		[70, "R17_2", -27.96, 1300, "T", "SMD", "BOOTSEL", "", "R", 22.27, 21.26, 0, 0],
		[71, "R18_1", -480, 1557.04, "T", "SMD", "$1N146095", "", "R", 22.27, 21.26, 0, 270],
		[72, "R18_2", -480, 1522.96, "T", "SMD", "LED", "", "R", 22.27, 21.26, 0, 270],
		[73, "R20_1", -552.96, 1520, "T", "SMD", "BATT_V", "", "R", 22.27, 21.26, 0, 180],
		[74, "R20_2", -587.04, 1520, "T", "SMD", "GND", "GND", "R", 22.27, 21.26, 0, 180],
		[75, "R21_1", -542.96, 1475, "T", "SMD", "BATT_V", "", "R", 22.27, 21.26, 0, 180],
		[76, "R21_2", -577.04, 1475, "T", "SMD", "VBUS", "", "R", 22.27, 21.26, 0, 180],
		[77, "R22_1", -357.96, 1820, "T", "SMD", "XOUT", "", "R", 22.27, 21.26, 0, 180],
		[78, "R22_2", -392.04, 1820, "T", "SMD", "$1N70752", "", "R", 22.27, 21.26, 0, 180],
		[79, "R27_1", 240, 1277.96, "T", "SMD", "GND", "GND", "R", 22.27, 21.26, 0, 90],
		[80, "R27_2", 240, 1312.04, "T", "SMD", "$1N152323", "", "R", 22.27, 21.26, 0, 90],
		[81, "R28_1", 265, 1772.04, "T", "SMD", "GPS_VCC_ON_N", "", "R", 22.27, 21.26, 0, 270],
		[82, "R28_2", 265, 1737.96, "T", "SMD", "3V3", "", "R", 22.27, 21.26, 0, 270],
		[83, "R29_1", 197.04, 1365, "T", "SMD", "$1N152323", "", "R", 22.27, 21.26, 0, 180],
		[84, "R29_2", 162.96, 1365, "T", "SMD", "3V3", "", "R", 22.27, 21.26, 0, 180],
		[85, "U1_1", -148.04, 1443.71, "T", "SMD", "3V3", "", "R", 43.31, 7.87, 0, 180],
		[86, "U1_2", -148.04, 1459.46, "T", "SMD", "I2C0_SDA", "", "R", 43.31, 7.87, 0, 180],
		[87, "U1_3", -148.04, 1475.21, "T", "SMD", "I2C0_SCL", "", "R", 43.31, 7.87, 0, 180],
		[88, "U1_4", -148.04, 1490.96, "T", "SMD", "I2C1_SDA", "", "R", 43.31, 7.87, 0, 180],
		[89, "U1_5", -148.04, 1506.7, "T", "SMD", "I2C1_SCL", "", "R", 43.31, 7.87, 0, 180],
		[90, "U1_6", -148.04, 1522.45, "T", "SMD", "U1_6", "", "R", 43.31, 7.87, 0, 180],
		[91, "U1_7", -148.04, 1538.2, "T", "SMD", "U1_7", "", "R", 43.31, 7.87, 0, 180],
		[92, "U1_8", -148.04, 1553.95, "T", "SMD", "U1_8", "", "R", 43.31, 7.87, 0, 180],
		[93, "U1_9", -148.04, 1569.7, "T", "SMD", "U1_9", "", "R", 43.31, 7.87, 0, 180],
		[94, "U1_10", -148.04, 1585.44, "T", "SMD", "3V3", "", "R", 43.31, 7.87, 0, 180],
		[95, "U1_11", -148.04, 1601.19, "T", "SMD", "UART1_TX", "", "R", 43.31, 7.87, 0, 180],
		[96, "U1_12", -148.04, 1616.94, "T", "SMD", "UART1_RX", "", "R", 43.31, 7.87, 0, 180],
		[97, "U1_13", -148.04, 1632.69, "T", "SMD", "U1_13", "", "R", 43.31, 7.87, 0, 180],
		[98, "U1_14", -148.04, 1648.44, "T", "SMD", "GPS_VCC_ON_N", "", "R", 43.31, 7.87, 0, 180],
		[99, "U1_15", -185.45, 1685.84, "T", "SMD", "GP12", "", "R", 43.31, 7.87, 0, 270],
		[100, "U1_16", -201.19, 1685.84, "T", "SMD", "U1_16", "", "R", 43.31, 7.87, 0, 270],
		[101, "U1_17", -216.94, 1685.84, "T", "SMD", "U1_17", "", "R", 43.31, 7.87, 0, 270],
		[102, "U1_18", -232.69, 1685.84, "T", "SMD", "VFO_CLK2", "", "R", 43.31, 7.87, 0, 270],
		[103, "U1_19", -248.44, 1685.84, "T", "SMD", "GND", "GND", "R", 43.31, 7.87, 0, 270],
		[104, "U1_20", -264.19, 1685.84, "T", "SMD", "XIN", "", "R", 43.31, 7.87, 0, 270],
		[105, "U1_21", -279.93, 1685.84, "T", "SMD", "XOUT", "", "R", 43.31, 7.87, 0, 270],
		[106, "U1_22", -295.68, 1685.84, "T", "SMD", "3V3", "", "R", 43.31, 7.87, 0, 270],
		[107, "U1_23", -311.43, 1685.84, "T", "SMD", "1V1", "", "R", 43.31, 7.87, 0, 270],
		[108, "U1_24", -327.18, 1685.84, "T", "SMD", "SWCLK", "", "R", 43.31, 7.87, 0, 270],
		[109, "U1_25", -342.93, 1685.84, "T", "SMD", "SWD", "", "R", 43.31, 7.87, 0, 270],
		[110, "U1_26", -358.67, 1685.84, "T", "SMD", "NRESET", "", "R", 43.31, 7.87, 0, 270],
		[111, "U1_27", -374.42, 1685.84, "T", "SMD", "U1_27", "", "R", 43.31, 7.87, 0, 270],
		[112, "U1_28", -390.17, 1685.84, "T", "SMD", "U1_28", "", "R", 43.31, 7.87, 0, 270],
		[113, "U1_29", -427.58, 1648.44, "T", "SMD", "VFO_VDD_ON_N", "", "R", 43.31, 7.87, 0, 0],
		[114, "U1_30", -427.58, 1632.69, "T", "SMD", "U1_30", "", "R", 43.31, 7.87, 0, 0],
		[115, "U1_31", -427.58, 1616.94, "T", "SMD", "U1_31", "", "R", 43.31, 7.87, 0, 0],
		[116, "U1_32", -427.58, 1601.19, "T", "SMD", "RF_OUT", "", "R", 43.31, 7.87, 0, 0],
		[117, "U1_33", -427.58, 1585.44, "T", "SMD", "3V3", "", "R", 43.31, 7.87, 0, 0],
		[118, "U1_34", -427.58, 1569.7, "T", "SMD", "U1_34", "", "R", 43.31, 7.87, 0, 0],
		[119, "U1_35", -427.58, 1553.95, "T", "SMD", "PS", "", "R", 43.31, 7.87, 0, 0],
		[120, "U1_36", -427.58, 1538.2, "T", "SMD", "3V3", "", "R", 43.31, 7.87, 0, 0],
		[121, "U1_37", -427.58, 1522.45, "T", "SMD", "LED", "", "R", 43.31, 7.87, 0, 0],
		[122, "U1_38", -427.58, 1506.7, "T", "SMD", "ADC0", "", "R", 43.31, 7.87, 0, 0],
		[123, "U1_39", -427.58, 1490.96, "T", "SMD", "ADC1", "", "R", 43.31, 7.87, 0, 0],
		[124, "U1_40", -427.58, 1475.21, "T", "SMD", "ADC2", "", "R", 43.31, 7.87, 0, 0],
		[125, "U1_41", -427.58, 1459.46, "T", "SMD", "BATT_V", "", "R", 43.31, 7.87, 0, 0],
		[126, "U1_42", -427.58, 1443.71, "T", "SMD", "3V3", "", "R", 43.31, 7.87, 0, 0],
		[127, "U1_43", -390.17, 1406.31, "T", "SMD", "ADC_AVDD", "", "R", 43.31, 7.87, 0, 90],
		[128, "U1_44", -374.42, 1406.31, "T", "SMD", "3V3", "", "R", 43.31, 7.87, 0, 90],
		[129, "U1_45", -358.67, 1406.31, "T", "SMD", "1V1", "", "R", 43.31, 7.87, 0, 90],
		[130, "U1_46", -342.93, 1406.31, "T", "SMD", "$1N22007", "", "R", 43.31, 7.87, 0, 90],
		[131, "U1_47", -327.18, 1406.31, "T", "SMD", "$1N22362", "", "R", 43.31, 7.87, 0, 90],
		[132, "U1_48", -311.43, 1406.31, "T", "SMD", "3V3", "", "R", 43.31, 7.87, 0, 90],
		[133, "U1_49", -295.68, 1406.31, "T", "SMD", "3V3", "", "R", 43.31, 7.87, 0, 90],
		[134, "U1_50", -279.93, 1406.31, "T", "SMD", "1V1", "", "R", 43.31, 7.87, 0, 90],
		[135, "U1_51", -264.19, 1406.31, "T", "SMD", "QSPI_SD3", "", "R", 43.31, 7.87, 0, 90],
		[136, "U1_52", -248.44, 1406.31, "T", "SMD", "QSPI_SCLK", "", "R", 43.31, 7.87, 0, 90],
		[137, "U1_53", -232.69, 1406.31, "T", "SMD", "QSPI_SD0", "", "R", 43.31, 7.87, 0, 90],
		[138, "U1_54", -216.94, 1406.31, "T", "SMD", "QSPI_SD2", "", "R", 43.31, 7.87, 0, 90],
		[139, "U1_55", -201.19, 1406.31, "T", "SMD", "QSPI_SD1", "", "R", 43.31, 7.87, 0, 90],
		[140, "U1_56", -185.45, 1406.31, "T", "SMD", "QSPI_SS", "", "R", 43.31, 7.87, 0, 90],
		[141, "U1_57", -287.81, 1546.07, "T", "SMD", "GND", "GND", "R", 122.05, 122.05, 0, 180],
		[142, "U2_1", -155.47, 1339.35, "T", "SMD", "QSPI_SS", "", "R", 23.62, 11.02, 0, 90],
		[143, "U2_2", -175.16, 1339.35, "T", "SMD", "QSPI_SD1", "", "R", 23.62, 11.02, 0, 90],
		[144, "U2_3", -194.84, 1339.35, "T", "SMD", "QSPI_SD2", "", "R", 23.62, 11.02, 0, 90],
		[145, "U2_4", -214.53, 1339.35, "T", "SMD", "GND", "GND", "R", 23.62, 11.02, 0, 90],
		[146, "U2_5", -214.53, 1220.65, "T", "SMD", "QSPI_SD0", "", "R", 23.62, 11.02, 0, 90],
		[147, "U2_6", -194.84, 1220.65, "T", "SMD", "QSPI_SCLK", "", "R", 23.62, 11.02, 0, 90],
		[148, "U2_7", -175.16, 1220.65, "T", "SMD", "QSPI_SD3", "", "R", 23.62, 11.02, 0, 90],
		[149, "U2_8", -155.47, 1220.65, "T", "SMD", "3V3", "", "R", 23.62, 11.02, 0, 90],
		[150, "U2_9", -185, 1280, "T", "SMD", "U2_9", "", "R", 11.81, 66.93, 0, 270],
		[151, "U3_1", -522.6, 1324.37, "T", "SMD", "GND", "GND", "R", 49.21, 27.56, 0, 90],
		[152, "U3_2", -597.4, 1324.37, "T", "SMD", "VBUS", "", "R", 49.21, 27.56, 0, 90],
		[153, "U3_3", -560, 1245.63, "T", "SMD", "U3_3", "", "R", 49.21, 27.56, 0, 90],
		[154, "U4_1", -33.07, 1779.37, "T", "SMD", "VFO_3V3", "", "O", 11.02, 63.78, 0, 270],
		[155, "U4_2", -33.07, 1759.68, "T", "SMD", "$1N173176", "", "O", 11.02, 63.78, 0, 270],
		[156, "U4_3", -33.07, 1740, "T", "SMD", "U4_3", "", "O", 11.02, 63.78, 0, 270],
		[157, "U4_4", -33.07, 1720.31, "T", "SMD", "I2C0_SCL", "", "O", 11.02, 63.78, 0, 270],
		[158, "U4_5", -33.07, 1700.63, "T", "SMD", "I2C0_SDA", "", "O", 11.02, 63.78, 0, 270],
		[159, "U4_6", 133.07, 1700.63, "T", "SMD", "U4_6", "", "O", 11.02, 63.78, 0, 270],
		[160, "U4_7", 133.07, 1720.31, "T", "SMD", "VFO_3V3", "", "O", 11.02, 63.78, 0, 270],
		[161, "U4_8", 133.07, 1740, "T", "SMD", "GND", "GND", "O", 11.02, 63.78, 0, 270],
		[162, "U4_9", 133.07, 1759.68, "T", "SMD", "RF_OUT_2", "", "O", 11.02, 63.78, 0, 270],
		[163, "U4_10", 133.07, 1779.37, "T", "SMD", "RF_OUT_1", "", "O", 11.02, 63.78, 0, 270],
		[164, "U5_1", 350.57, 1558.23, "T", "SMD", "GND", "GND", "O", 27.56, 69.8, 0, 270],
		[165, "U5_2", 350.57, 1514.92, "T", "SMD", "UART1_RX", "", "O", 27.56, 69.8, 0, 270],
		[166, "U5_3", 350.57, 1471.61, "T", "SMD", "U5_3", "", "O", 27.56, 69.8, 0, 270],
		[167, "U5_4", 350.57, 1428.31, "T", "SMD", "U5_4", "", "O", 27.56, 69.8, 0, 270],
		[168, "U5_5", 350.57, 1385, "T", "SMD", "U5_5", "", "O", 27.56, 69.8, 0, 270],
		[169, "U5_6", 350.57, 1341.69, "T", "SMD", "U5_6", "", "O", 27.56, 69.8, 0, 270],
		[170, "U5_7", 350.57, 1298.39, "T", "SMD", "U5_7", "", "O", 27.56, 69.8, 0, 270],
		[171, "U5_8", 350.57, 1255.08, "T", "SMD", "GPS_3V3", "", "O", 27.56, 69.8, 0, 270],
		[172, "U5_9", 350.57, 1211.77, "T", "SMD", "U5_9", "", "O", 27.56, 69.8, 0, 270],
		[173, "U5_10", 729.43, 1211.77, "T", "SMD", "GND", "GND", "O", 27.56, 69.8, 0, 270],
		[174, "U5_11", 729.43, 1255.08, "T", "SMD", "GPS", "", "O", 27.56, 69.8, 0, 270],
		[175, "U5_12", 729.43, 1298.39, "T", "SMD", "GND", "GND", "O", 27.56, 69.8, 0, 270],
		[176, "U5_13", 729.43, 1341.69, "T", "SMD", "U5_13", "", "O", 27.56, 69.8, 0, 270],
		[177, "U5_14", 729.43, 1385, "T", "SMD", "U5_14", "", "O", 27.56, 69.8, 0, 270],
		[178, "U5_15", 729.43, 1428.31, "T", "SMD", "U5_15", "", "O", 27.56, 69.8, 0, 270],
		[179, "U5_16", 729.43, 1471.61, "T", "SMD", "U5_16", "", "O", 27.56, 69.8, 0, 270],
		[180, "U5_17", 729.43, 1514.92, "T", "SMD", "U5_17", "", "O", 27.56, 69.8, 0, 270],
		[181, "U5_18", 729.43, 1558.23, "T", "SMD", "U5_18", "", "O", 27.56, 69.8, 0, 270],
		[182, "U10_1", -592.6, 1723.63, "T", "SMD", "GND", "GND", "R", 42.13, 23.62, 0, 90],
		[183, "U10_2", -667.4, 1723.63, "T", "SMD", "NRESET", "", "R", 42.13, 23.62, 0, 90],
		[184, "U10_3", -630, 1626.38, "T", "SMD", "$1N115739", "", "R", 42.13, 23.62, 0, 90],
		[185, "U11_1", -480.13, 1656.48, "T", "SMD", "GND", "GND", "R", 31.5, 31.5, 0, 0],
		[186, "U11_2", -479.86, 1593.52, "T", "SMD", "$1N146095", "", "R", 31.5, 31.5, 0, 0],
		[187, "U18_1", 112.6, 1211.85, "T", "SMD", "$1N152319", "", "R", 43.31, 23.62, 0, 270],
		[188, "U18_2", 150, 1211.85, "T", "SMD", "GND", "GND", "R", 43.31, 23.62, 0, 270],
		[189, "U18_3", 187.4, 1211.85, "T", "SMD", "VBUS", "", "R", 43.31, 23.62, 0, 270],
		[190, "U18_4", 187.4, 1318.15, "T", "SMD", "$1N152323", "", "R", 43.31, 23.62, 0, 270],
		[191, "U18_5", 150, 1318.15, "T", "SMD", "3V3", "", "R", 43.31, 23.62, 0, 270],
		[192, "U18_6", 112.6, 1318.15, "T", "SMD", "VBUS", "", "R", 43.31, 23.62, 0, 270],
		[193, "X1_1", -22.4, 1545.47, "T", "SMD", "GND", "GND", "R", 47.24, 43.31, 0, 0],
		[194, "X1_2", 52.4, 1545.47, "T", "SMD", "GND", "GND", "R", 47.24, 43.31, 0, 0],
		[195, "X1_3", 52.4, 1604.53, "T", "SMD", "$1N173179", "", "R", 47.24, 43.31, 0, 0],
		[196, "X1_4", -22.4, 1604.53, "T", "SMD", "VFO_3V3", "", "R", 47.24, 43.31, 0, 0],
		[197, "X2_1", -253.31, 1751.54, "T", "SMD", "XIN", "", "R", 55.12, 47.24, 0, 0],
		[198, "X2_2", -166.69, 1751.54, "T", "SMD", "GND", "GND", "R", 55.12, 47.24, 0, 0],
		[199, "X2_3", -166.69, 1818.46, "T", "SMD", "$1N70752", "", "R", 55.12, 47.24, 0, 0],
		[200, "X2_4", -253.31, 1818.46, "T", "SMD", "GND", "GND", "R", 55.12, 47.24, 0, 0],
		[201, "PAD1_7", -494.63, 1225, "T", "DIP", "GND", "GND", "R", 62.99, 62.99, 39.37, 0],
		[202, "PAD1_7", -494.63, 1225, "B", "DIP", "GND", "GND", "R", 62.99, 62.99, 39.37, 0],
		[203, "PAD2_18", 0, 1230, "T", "DIP", "VBUS", "", "C", 62.99, 62.99, 41.34, 0],
		[204, "PAD2_18", 0, 1230, "B", "DIP", "VBUS", "", "C", 62.99, 62.99, 41.34, 0],
		[205, "PAD3_17", -655, 1410, "T", "DIP", "ADC1", "", "C", 62.99, 62.99, 41.34, 0],
		[206, "PAD3_17", -655, 1410, "B", "DIP", "ADC1", "", "C", 62.99, 62.99, 41.34, 0],
		[207, "PAD4_17", -35, 1490, "T", "DIP", "I2C1_SCL", "", "C", 39.37, 39.37, 27.56, 0],
		[208, "PAD4_17", -35, 1490, "B", "DIP", "I2C1_SCL", "", "C", 39.37, 39.37, 27.56, 0],
		[209, "PAD5_17", 20, 1480, "T", "DIP", "I2C1_SDA", "", "C", 39.37, 39.37, 27.56, 0],
		[210, "PAD5_17", 20, 1480, "B", "DIP", "I2C1_SDA", "", "C", 39.37, 39.37, 27.56, 0],
		[211, "PAD6_15", -655, 1330, "T", "DIP", "3V3", "", "C", 62.99, 62.99, 41.34, 0],
		[212, "PAD6_15", -655, 1330, "B", "DIP", "3V3", "", "C", 62.99, 62.99, 41.34, 0],
		[213, "PAD7_17", -294.63, 1225, "T", "DIP", "USB_DM", "", "C", 60, 60, 36, 0],
		[214, "PAD7_17", -294.63, 1225, "B", "DIP", "USB_DM", "", "C", 60, 60, 36, 0],
		[215, "PAD8_17", -394.63, 1225, "T", "DIP", "USB_DP", "", "C", 60, 60, 36, 0],
		[216, "PAD8_17", -394.63, 1225, "B", "DIP", "USB_DP", "", "C", 60, 60, 36, 0],
		[217, "PAD9_18", -80, 1230, "T", "DIP", "BOOTSEL", "", "C", 62.99, 62.99, 41.34, 0],
		[218, "PAD9_18", -80, 1230, "B", "DIP", "BOOTSEL", "", "C", 62.99, 62.99, 41.34, 0],
		[219, "PAD10_17", 70, 1860, "T", "DIP", "RF_OUT_1", "", "C", 62.99, 62.99, 41.34, 0],
		[220, "PAD10_17", 70, 1860, "B", "DIP", "RF_OUT_1", "", "C", 62.99, 62.99, 41.34, 0],
		[221, "PAD11_17", 170, 1860, "T", "DIP", "RF_OUT_2", "", "C", 62.99, 62.99, 41.34, 0],
		[222, "PAD11_17", 170, 1860, "B", "DIP", "RF_OUT_2", "", "C", 62.99, 62.99, 41.34, 0],
		[223, "PAD12_17", -30, 1860, "T", "DIP", "GP12", "", "C", 62.99, 62.99, 41.34, 0],
		[224, "PAD12_17", -30, 1860, "B", "DIP", "GP12", "", "C", 62.99, 62.99, 41.34, 0],
		[225, "PAD13_7", 270, 1860, "T", "DIP", "GND", "GND", "R", 62.99, 62.99, 39.37, 0],
		[226, "PAD13_7", 270, 1860, "B", "DIP", "GND", "GND", "R", 62.99, 62.99, 39.37, 0],
		[227, "PAD14_7", -655, 1500, "T", "DIP", "GND", "GND", "R", 62.99, 62.99, 39.37, 0],
		[228, "PAD14_7", -655, 1500, "B", "DIP", "GND", "GND", "R", 62.99, 62.99, 39.37, 0],
		[229, "PAD15_17", 805, 1250, "T", "DIP", "GPS", "", "C", 60, 60, 36, 0],
		[230, "PAD15_17", 805, 1250, "B", "DIP", "GPS", "", "C", 60, 60, 36, 0],
		[231, "PAD16_7", 805, 1335, "T", "DIP", "GND", "GND", "R", 62.99, 62.99, 39.37, 0],
		[232, "PAD16_7", 805, 1335, "B", "DIP", "GND", "GND", "R", 62.99, 62.99, 39.37, 0]
	]
}
}