{
"lengthUnit": "mil",
"components": {
	"fields": ["COMPONENT_NO", "COMPONENT_NAME", "LAYER", "X_COORDINATE", "Y_COORDINATE", "ANGLE"],
	"rows": [
		[1, "C16", "T", 540, 1295, 0],
		[2, "C17", "T", 540, 975, 180],
		[3, "GND", "T", 535, 1040, 270],
		[4, "U15", "T", 535, 1220, 270],
		[5, "U16", "T", 535, 1130, 270],
		[6, "PAD1", "T", 655, 1075, 0],
		[7, "PAD1", "B", 655, 1075, 0],
		[8, "PAD2", "T", 415, 1000, 0],
		[9, "PAD2", "B", 415, 1000, 0],
		[10, "PAD3", "T", 415, 1260, 0],
		[11, "PAD3", "B", 415, 1260, 0],
		[12, "PAD4", "T", 415, 1173.33, 0],
		[13, "PAD4", "B", 415, 1173.33, 0],
		[14, "PAD5", "T", 415, 1086.67, 0],
		[15, "PAD5", "B", 415, 1086.67, 0],
		[16, "PAD6", "T", 655, 1165, 0],
		[17, "PAD6", "B", 655, 1165, 0]
	]
},
"pins": {
	"fields": ["PIN_NO", "PIN_NAME", "PIN_X", "PIN_Y", "LAYER", "PIN_TYPE", "NET_NAME", "NET_TYPE", "PAD_SHAPE", "PAD_SIZEX", "PAD_SIZEY", "HOLE_SIZE", "PAD_ANGLE"],
	"rows": [
		[1, "C16_1", 518.54, 1295, "T", "SMD", "GND", "GND", "R", 31.11, 21.26, 0, 360],
		[2, "C16_2", 561.46, 1295, "T", "SMD", "VBUS", "", "R", 31.11, 21.26, 0, 360],
		[3, "C17_1", 561.46, 975, "T", "SMD", "GND", "GND", "R", 31.11, 21.26, 0, 180],
		[4, "C17_2", 518.54, 975, "T", "SMD", "VBUS", "", "R", 31.11, 21.26, 0, 180],
		[5, "GND_1", 491.69, 1065.59, "T", "SMD", "S3", "", "R", 13.78, 33.47, 0, 270],
		[6, "GND_2", 491.69, 1040, "T", "SMD", "GND", "GND", "R", 13.78, 33.47, 0, 270],
		[7, "GND_3", 491.69, 1014.41, "T", "SMD", "VBUS", "", "R", 13.78, 33.47, 0, 270],
		[8, "GND_4", 578.31, 1014.41, "T", "SMD", "GND_4", "", "R", 13.78, 33.47, 0, 270],
		[9, "GND_5", 578.31, 1040, "T", "SMD", "GND_5", "", "R", 13.78, 33.47, 0, 270],
		[10, "GND_6", 578.31, 1065.59, "T", "SMD", "VBUS", "", "R", 13.78, 33.47, 0, 270],
		[11, "U15_1", 491.69, 1245.59, "T", "SMD", "S1", "", "R", 13.78, 33.47, 0, 270],
		[12, "U15_2", 491.69, 1220, "T", "SMD", "GND", "GND", "R", 13.78, 33.47, 0, 270],
		[13, "U15_3", 491.69, 1194.41, "T", "SMD", "VBUS", "", "R", 13.78, 33.47, 0, 270],
		[14, "U15_4", 578.31, 1194.41, "T", "SMD", "U15_4", "", "R", 13.78, 33.47, 0, 270],
		[15, "U15_5", 578.31, 1220, "T", "SMD", "U15_5", "", "R", 13.78, 33.47, 0, 270],
		[16, "U15_6", 578.31, 1245.59, "T", "SMD", "VBUS", "", "R", 13.78, 33.47, 0, 270],
		[17, "U16_1", 491.69, 1155.59, "T", "SMD", "S2", "", "R", 13.78, 33.47, 0, 270],
		[18, "U16_2", 491.69, 1130, "T", "SMD", "GND", "GND", "R", 13.78, 33.47, 0, 270],
		[19, "U16_3", 491.69, 1104.41, "T", "SMD", "VBUS", "", "R", 13.78, 33.47, 0, 270],
		[20, "U16_4", 578.31, 1104.41, "T", "SMD", "U16_4", "", "R", 13.78, 33.47, 0, 270],
		[21, "U16_5", 578.31, 1130, "T", "SMD", "U16_5", "", "R", 13.78, 33.47, 0, 270],
		[22, "U16_6", 578.31, 1155.59, "T", "SMD", "VBUS", "", "R", 13.78, 33.47, 0, 270],
		[23, "PAD1_1", 655, 1075, "T", "DIP", "GND", "GND", "C", 62.99, 62.99, 41.34, 0],
		[24, "PAD1_1", 655, 1075, "B", "DIP", "GND", "GND", "C", 62.99, 62.99, 41.34, 0],
		[25, "PAD2_1", 415, 1000, "T", "DIP", "GND", "GND", "C", 62.99, 62.99, 41.34, 0],
		[26, "PAD2_1", 415, 1000, "B", "DIP", "GND", "GND", "C", 62.99, 62.99, 41.34, 0],
		[27, "PAD3_1", 415, 1260, "T", "DIP", "S1", "", "C", 62.99, 62.99, 41.34, 0],
		[28, "PAD3_1", 415, 1260, "B", "DIP", "S1", "", "C", 62.99, 62.99, 41.34, 0],
		[29, "PAD4_1", 415, 1173.33, "T", "DIP", "S2", "", "C", 62.99, 62.99, 41.34, 0],
		[30, "PAD4_1", 415, 1173.33, "B", "DIP", "S2", "", "C", 62.99, 62.99, 41.34, 0],
		[31, "PAD5_1", 415, 1086.67, "T", "DIP", "S3", "", "C", 62.99, 62.99, 41.34, 0],
		[32, "PAD5_1", 415, 1086.67, "B", "DIP", "S3", "", "C", 62.99, 62.99, 41.34, 0],
		[33, "PAD6_1", 655, 1165, "T", "DIP", "VBUS", "", "C", 62.99, 62.99, 41.34, 0],
		[34, "PAD6_1", 655, 1165, "B", "DIP", "VBUS", "", "C", 62.99, 62.99, 41.34, 0]
	]
}
}